,Area,Area,Area,Area,Area,Area,Area,Area,Area,Area,Area,Area,Area,Area,Area,Area,Area,Area,Area,Area,Area,Area,Area,Area,Area,Daughter
Time,0,1,2,3,4,5,6,7,8,9,10,11,12,13,14,15,16,17,18,19,20,21,22,23,24,
Cell,,,,,,,,,,,,,,,,,,,,,,,,,,
50001,122.0,131.0,132.0,133.0,126.0,131.0,123.0,127.0,117.0,117.0,113.0,112.0,108.0,115.0,107.0,114.0,109.0,109.0,107.0,114.0,112.0,109.0,105.0,110.0,112.0,False
50002,93.0,92.0,93.0,97.0,100.0,96.0,100.0,101.0,107.0,99.0,101.0,96.0,90.0,96.0,100.0,96.0,103.0,100.0,100.0,101.0,102.0,102.0,98.0,100.0,104.0,False
50003,128.0,129.0,142.0,143.0,138.0,134.0,123.0,113.0,110.0,107.0,107.0,109.0,111.0,114.0,117.0,116.0,118.0,118.0,114.0,114.0,118.0,120.0,121.0,120.0,122.0,False
50004,131.0,138.0,135.0,138.0,138.0,135.0,136.0,137.0,138.0,136.0,140.0,140.0,146.0,140.0,142.0,129.0,126.0,124.0,123.0,130.0,131.0,130.0,123.0,123.0,132.0,False
50005,100.0,106.0,107.0,106.0,103.0,103.0,99.0,101.0,101.0,105.0,103.0,104.0,111.0,110.0,106.0,105.0,102.0,105.0,103.0,109.0,104.0,104.0,109.0,100.0,105.0,False
50006,121.0,126.0,132.0,136.0,129.0,125.0,107.0,100.0,98.0,102.0,103.0,106.0,101.0,106.0,104.0,107.0,94.0,91.0,86.0,89.0,90.0,85.0,91.0,95.0,99.0,False
50007,65.0,68.0,71.0,75.0,72.0,73.0,70.0,67.0,68.0,67.0,68.0,71.0,71.0,67.0,68.0,66.0,61.0,64.0,62.0,60.0,67.0,65.0,64.0,63.0,65.0,False
50009,62.0,66.0,65.0,66.0,69.0,72.0,68.0,70.0,69.0,68.0,71.0,70.0,67.0,70.0,67.0,68.0,71.0,70.0,69.0,70.0,70.0,71.0,73.0,76.0,77.0,False
50010,87.0,89.0,93.0,93.0,94.0,93.0,90.0,91.0,85.0,81.0,79.0,83.0,84.0,87.0,89.0,89.0,88.0,92.0,93.0,88.0,101.0,97.0,92.0,95.0,95.0,False
50011,111.0,111.0,108.0,113.0,98.0,105.0,100.0,104.0,101.0,110.0,99.0,102.0,99.0,102.0,108.0,107.0,116.0,104.0,105.0,99.0,101.0,99.0,95.0,108.0,101.0,False
50012,135.0,136.0,135.0,139.0,127.0,124.0,121.0,116.0,114.0,114.0,114.0,115.0,118.0,116.0,118.0,119.0,116.0,116.0,117.0,108.0,113.0,109.0,108.0,109.0,111.0,False
50013,88.0,101.0,110.0,108.0,113.0,108.0,111.0,105.0,114.0,113.0,120.0,118.0,118.0,116.0,117.0,126.0,127.0,121.0,128.0,113.0,121.0,116.0,122.0,125.0,115.0,False
50014,23.0,27.0,26.0,32.0,34.0,37.0,37.0,38.0,37.0,41.0,41.0,43.0,45.0,41.0,46.0,44.0,44.0,45.0,46.0,42.0,43.0,45.0,43.0,41.0,44.0,False
50015,128.0,125.0,122.0,121.0,124.0,122.0,125.0,121.0,119.0,122.0,125.0,123.0,125.0,122.0,124.0,125.0,126.0,124.0,124.0,118.0,124.0,122.0,120.0,121.0,119.0,False
50016,29.0,35.0,41.0,35.0,36.0,37.0,40.0,39.0,43.0,44.0,43.0,45.0,50.0,46.0,47.0,47.0,45.0,44.0,47.0,47.0,46.0,48.0,54.0,51.0,51.0,False
50017,82.0,78.0,85.0,83.0,75.0,79.0,92.0,89.0,94.0,93.0,83.0,84.0,86.0,85.0,84.0,86.0,89.0,91.0,90.0,91.0,98.0,92.0,92.0,88.0,83.0,False
50019,72.0,70.0,70.0,77.0,79.0,78.0,78.0,87.0,83.0,76.0,80.0,84.0,92.0,98.0,96.0,94.0,100.0,96.0,88.0,81.0,85.0,85.0,86.0,87.0,83.0,False
50020,145.0,140.0,142.0,143.0,150.0,145.0,145.0,136.0,121.0,120.0,111.0,117.0,112.0,119.0,113.0,106.0,110.0,114.0,118.0,112.0,114.0,112.0,110.0,113.0,114.0,False
50021,99.0,107.0,108.0,98.0,94.0,90.0,96.0,93.0,93.0,93.0,92.0,94.0,94.0,96.0,94.0,87.0,85.0,73.0,76.0,80.0,77.0,79.0,80.0,83.0,81.0,False
50022,65.0,67.0,73.0,69.0,70.0,70.0,73.0,74.0,77.0,73.0,79.0,80.0,82.0,79.0,83.0,80.0,79.0,80.0,74.0,77.0,77.0,75.0,74.0,76.0,85.0,False
50023,110.0,122.0,115.0,117.0,117.0,120.0,114.0,105.0,116.0,115.0,118.0,117.0,119.0,120.0,117.0,111.0,113.0,115.0,118.0,126.0,122.0,124.0,109.0,122.0,115.0,False
50024,73.0,76.0,79.0,75.0,77.0,81.0,78.0,78.0,77.0,83.0,81.0,81.0,80.0,84.0,82.0,83.0,83.0,87.0,87.0,84.0,90.0,88.0,87.0,90.0,89.0,False
50025,106.0,107.0,111.0,110.0,108.0,109.0,107.0,105.0,104.0,108.0,106.0,105.0,104.0,108.0,108.0,108.0,108.0,109.0,109.0,100.0,116.0,111.0,112.0,112.0,113.0,False
50026,90.0,79.0,82.0,81.0,85.0,84.0,83.0,77.0,79.0,77.0,77.0,81.0,79.0,83.0,85.0,84.0,85.0,85.0,84.0,88.0,90.0,87.0,82.0,86.0,87.0,False
50029,46.0,45.0,47.0,48.0,50.0,49.0,49.0,52.0,50.0,53.0,54.0,57.0,53.0,54.0,59.0,55.0,59.0,56.0,57.0,59.0,59.0,56.0,57.0,58.0,58.0,False
50030,99.0,98.0,99.0,101.0,106.0,103.0,100.0,102.0,104.0,102.0,102.0,106.0,106.0,108.0,108.0,106.0,113.0,112.0,114.0,114.0,117.0,111.0,117.0,114.0,113.0,False
50031,96.0,98.0,98.0,103.0,106.0,102.0,99.0,99.0,92.0,88.0,89.0,90.0,86.0,90.0,86.0,89.0,92.0,94.0,96.0,99.0,99.0,100.0,106.0,112.0,110.0,False
50033,9.0,8.0,12.0,17.0,17.0,17.0,24.0,29.0,29.0,33.0,36.0,43.0,38.0,43.0,36.0,44.0,46.0,46.0,47.0,49.0,48.0,48.0,50.0,50.0,47.0,False
50036,42.0,1.0,2.0,12.0,26.0,33.0,38.0,38.0,38.0,39.0,42.0,43.0,44.0,48.0,49.0,51.0,54.0,55.0,57.0,63.0,63.0,61.0,68.0,59.0,57.0,False
50037,108.0,104.0,103.0,96.0,101.0,103.0,102.0,100.0,92.0,92.0,95.0,91.0,90.0,87.0,91.0,90.0,97.0,99.0,90.0,94.0,97.0,86.0,90.0,87.0,88.0,False
50038,11.0,16.0,15.0,20.0,15.0,24.0,23.0,26.0,28.0,30.0,34.0,35.0,42.0,38.0,45.0,43.0,47.0,46.0,43.0,50.0,51.0,45.0,48.0,48.0,51.0,False
50039,88.0,92.0,91.0,92.0,93.0,86.0,88.0,88.0,86.0,86.0,86.0,86.0,85.0,86.0,87.0,91.0,89.0,86.0,86.0,87.0,92.0,92.0,95.0,91.0,89.0,False
50040,66.0,68.0,67.0,68.0,72.0,68.0,70.0,70.0,69.0,69.0,67.0,70.0,69.0,72.0,74.0,72.0,77.0,76.0,74.0,70.0,77.0,77.0,76.0,79.0,75.0,False
50041,101.0,108.0,110.0,100.0,94.0,99.0,92.0,92.0,97.0,89.0,98.0,98.0,98.0,97.0,101.0,100.0,103.0,107.0,107.0,108.0,112.0,113.0,119.0,111.0,113.0,False
50046,21.0,31.0,38.0,53.0,63.0,66.0,65.0,71.0,67.0,68.0,72.0,75.0,70.0,69.0,66.0,69.0,68.0,65.0,62.0,64.0,66.0,69.0,68.0,67.0,70.0,False
50047,89.0,89.0,92.0,96.0,98.0,99.0,103.0,99.0,99.0,101.0,105.0,108.0,112.0,109.0,116.0,117.0,117.0,120.0,118.0,110.0,125.0,125.0,121.0,126.0,126.0,False
50048,24.0,28.0,29.0,31.0,29.0,30.0,28.0,29.0,27.0,31.0,30.0,31.0,33.0,31.0,32.0,33.0,33.0,33.0,31.0,32.0,31.0,29.0,22.0,28.0,29.0,False
50049,131.0,124.0,122.0,124.0,125.0,120.0,118.0,121.0,126.0,118.0,123.0,122.0,125.0,125.0,124.0,124.0,129.0,125.0,126.0,127.0,125.0,122.0,128.0,128.0,128.0,False
50050,83.0,87.0,91.0,92.0,95.0,94.0,97.0,95.0,99.0,99.0,103.0,104.0,106.0,103.0,112.0,112.0,107.0,105.0,109.0,113.0,116.0,116.0,119.0,118.0,115.0,False
50051,107.0,107.0,100.0,107.0,107.0,103.0,110.0,108.0,115.0,104.0,104.0,111.0,113.0,113.0,119.0,108.0,114.0,110.0,116.0,116.0,128.0,121.0,116.0,115.0,124.0,False
50052,81.0,86.0,91.0,96.0,84.0,96.0,93.0,110.0,103.0,91.0,92.0,88.0,82.0,87.0,85.0,89.0,87.0,90.0,91.0,89.0,99.0,92.0,87.0,87.0,83.0,False
50053,46.0,47.0,50.0,51.0,56.0,50.0,54.0,57.0,63.0,56.0,59.0,60.0,62.0,63.0,69.0,60.0,62.0,65.0,66.0,63.0,73.0,70.0,64.0,68.0,73.0,False
50054,126.0,124.0,113.0,109.0,113.0,114.0,115.0,115.0,116.0,113.0,117.0,114.0,119.0,109.0,115.0,116.0,115.0,115.0,119.0,113.0,121.0,117.0,116.0,125.0,116.0,False
50055,12.0,15.0,26.0,36.0,44.0,48.0,44.0,49.0,45.0,45.0,48.0,49.0,52.0,61.0,61.0,59.0,62.0,63.0,64.0,66.0,72.0,70.0,70.0,67.0,69.0,False
50056,91.0,95.0,83.0,88.0,98.0,103.0,102.0,94.0,98.0,97.0,105.0,95.0,98.0,97.0,99.0,111.0,106.0,104.0,109.0,96.0,113.0,118.0,111.0,113.0,113.0,False
50057,83.0,78.0,78.0,78.0,78.0,79.0,60.0,65.0,59.0,60.0,69.0,72.0,73.0,76.0,74.0,76.0,81.0,80.0,82.0,79.0,83.0,83.0,87.0,90.0,74.0,False
50058,102.0,106.0,105.0,109.0,115.0,114.0,119.0,115.0,136.0,107.0,107.0,101.0,101.0,103.0,100.0,98.0,95.0,94.0,92.0,93.0,94.0,91.0,92.0,93.0,93.0,False
50059,127.0,130.0,123.0,120.0,125.0,122.0,117.0,111.0,111.0,112.0,113.0,112.0,117.0,116.0,118.0,116.0,113.0,110.0,108.0,107.0,105.0,103.0,103.0,105.0,102.0,False
50060,83.0,81.0,84.0,91.0,90.0,96.0,98.0,93.0,96.0,93.0,94.0,98.0,92.0,100.0,95.0,93.0,94.0,93.0,93.0,92.0,92.0,92.0,90.0,94.0,97.0,False
50061,121.0,122.0,126.0,117.0,119.0,114.0,114.0,108.0,112.0,105.0,106.0,108.0,106.0,101.0,109.0,108.0,107.0,112.0,112.0,117.0,121.0,124.0,125.0,112.0,110.0,False
50063,67.0,62.0,67.0,66.0,67.0,63.0,70.0,67.0,70.0,69.0,70.0,72.0,73.0,70.0,77.0,78.0,79.0,73.0,76.0,70.0,68.0,71.0,71.0,68.0,70.0,False
50064,103.0,113.0,117.0,116.0,114.0,118.0,119.0,119.0,121.0,121.0,123.0,127.0,62.0,37.0,25.0,21.0,22.0,24.0,30.0,31.0,23.0,26.0,25.0,35.0,45.0,False
50065,125.0,113.0,130.0,128.0,125.0,127.0,126.0,123.0,125.0,130.0,127.0,135.0,132.0,139.0,141.0,138.0,141.0,130.0,128.0,123.0,127.0,125.0,125.0,125.0,125.0,False
50066,109.0,109.0,112.0,113.0,117.0,118.0,118.0,119.0,124.0,69.0,54.0,44.0,51.0,56.0,65.0,67.0,70.0,77.0,78.0,82.0,91.0,97.0,91.0,100.0,103.0,False
50067,138.0,131.0,131.0,129.0,125.0,137.0,137.0,130.0,129.0,121.0,119.0,117.0,114.0,110.0,119.0,116.0,118.0,121.0,125.0,126.0,128.0,130.0,128.0,134.0,142.0,False
50068,20.0,24.0,31.0,36.0,38.0,39.0,42.0,43.0,45.0,42.0,44.0,46.0,46.0,47.0,48.0,52.0,53.0,56.0,54.0,55.0,56.0,60.0,61.0,62.0,65.0,False
50069,106.0,109.0,108.0,112.0,120.0,111.0,108.0,103.0,103.0,104.0,102.0,104.0,101.0,101.0,102.0,106.0,111.0,106.0,106.0,101.0,100.0,100.0,97.0,98.0,98.0,False
50070,34.0,36.0,35.0,38.0,44.0,43.0,49.0,43.0,40.0,38.0,39.0,20.0,28.0,20.0,24.0,24.0,26.0,23.0,27.0,35.0,27.0,28.0,26.0,32.0,28.0,False
50071,83.0,85.0,84.0,92.0,98.0,100.0,91.0,95.0,95.0,104.0,96.0,93.0,90.0,87.0,86.0,87.0,89.0,89.0,90.0,92.0,93.0,101.0,96.0,100.0,100.0,False
50072,108.0,104.0,111.0,116.0,120.0,101.0,104.0,100.0,95.0,97.0,95.0,98.0,97.0,98.0,100.0,102.0,100.0,102.0,99.0,95.0,95.0,91.0,94.0,92.0,91.0,False
50073,105.0,108.0,110.0,110.0,112.0,106.0,101.0,101.0,103.0,102.0,106.0,110.0,102.0,103.0,103.0,100.0,108.0,104.0,105.0,106.0,107.0,100.0,95.0,95.0,103.0,False
50074,41.0,42.0,45.0,48.0,50.0,46.0,50.0,48.0,45.0,46.0,49.0,55.0,48.0,53.0,48.0,53.0,52.0,50.0,47.0,57.0,54.0,49.0,50.0,56.0,58.0,False
50075,123.0,125.0,122.0,129.0,126.0,123.0,124.0,122.0,124.0,117.0,120.0,117.0,114.0,122.0,113.0,124.0,122.0,120.0,122.0,126.0,120.0,119.0,122.0,125.0,125.0,False
50076,105.0,108.0,109.0,108.0,109.0,112.0,106.0,103.0,98.0,98.0,98.0,99.0,101.0,99.0,101.0,101.0,105.0,107.0,112.0,107.0,105.0,102.0,101.0,100.0,98.0,False
50077,45.0,51.0,50.0,54.0,57.0,58.0,54.0,59.0,51.0,50.0,52.0,48.0,52.0,55.0,56.0,54.0,54.0,54.0,55.0,63.0,65.0,61.0,61.0,66.0,69.0,False
50078,28.0,31.0,32.0,34.0,34.0,34.0,34.0,36.0,37.0,38.0,40.0,42.0,40.0,38.0,40.0,43.0,41.0,44.0,43.0,41.0,44.0,44.0,44.0,46.0,43.0,False
50079,92.0,91.0,90.0,93.0,94.0,94.0,93.0,94.0,94.0,96.0,90.0,93.0,98.0,96.0,97.0,94.0,98.0,102.0,100.0,102.0,100.0,100.0,101.0,101.0,98.0,False
50080,100.0,102.0,107.0,104.0,99.0,103.0,105.0,101.0,102.0,104.0,102.0,101.0,105.0,104.0,105.0,105.0,107.0,108.0,107.0,105.0,107.0,106.0,106.0,106.0,105.0,False
50081,37.0,41.0,39.0,43.0,49.0,47.0,51.0,53.0,55.0,51.0,50.0,50.0,53.0,52.0,54.0,54.0,55.0,59.0,61.0,62.0,60.0,68.0,67.0,67.0,68.0,False
50082,107.0,107.0,109.0,98.0,105.0,99.0,102.0,107.0,105.0,105.0,108.0,102.0,108.0,95.0,100.0,102.0,103.0,107.0,104.0,106.0,106.0,101.0,102.0,110.0,103.0,False
50083,107.0,108.0,111.0,112.0,116.0,117.0,116.0,116.0,113.0,112.0,110.0,108.0,108.0,108.0,109.0,109.0,112.0,112.0,109.0,111.0,109.0,113.0,112.0,113.0,116.0,False
50084,13.0,10.0,7.0,5.0,19.0,5.0,18.0,21.0,21.0,3.0,23.0,13.0,19.0,21.0,27.0,27.0,29.0,28.0,33.0,33.0,31.0,31.0,35.0,33.0,30.0,False
50086,89.0,86.0,78.0,75.0,76.0,84.0,81.0,87.0,94.0,95.0,88.0,92.0,91.0,86.0,86.0,81.0,82.0,79.0,81.0,78.0,83.0,84.0,85.0,85.0,87.0,False
50087,84.0,80.0,81.0,79.0,86.0,83.0,81.0,83.0,89.0,80.0,81.0,85.0,83.0,83.0,85.0,89.0,87.0,88.0,90.0,84.0,91.0,91.0,90.0,93.0,95.0,False
50088,115.0,109.0,110.0,114.0,116.0,116.0,113.0,121.0,121.0,123.0,124.0,126.0,131.0,128.0,133.0,131.0,136.0,137.0,139.0,136.0,138.0,139.0,139.0,142.0,142.0,False
50089,16.0,16.0,21.0,35.0,45.0,52.0,54.0,55.0,59.0,61.0,58.0,61.0,64.0,66.0,67.0,69.0,68.0,68.0,70.0,69.0,71.0,69.0,71.0,73.0,74.0,False
50090,61.0,68.0,67.0,65.0,67.0,69.0,68.0,69.0,70.0,69.0,71.0,70.0,75.0,70.0,72.0,70.0,75.0,71.0,73.0,70.0,70.0,74.0,74.0,74.0,71.0,False
50091,84.0,88.0,85.0,84.0,86.0,96.0,92.0,92.0,96.0,94.0,88.0,95.0,92.0,85.0,87.0,82.0,85.0,92.0,88.0,85.0,86.0,86.0,84.0,87.0,85.0,False
50092,71.0,70.0,73.0,74.0,73.0,77.0,78.0,73.0,79.0,78.0,79.0,76.0,82.0,79.0,82.0,84.0,89.0,88.0,89.0,89.0,87.0,87.0,88.0,87.0,90.0,False
50093,102.0,97.0,98.0,101.0,97.0,97.0,100.0,100.0,97.0,100.0,98.0,97.0,99.0,104.0,104.0,103.0,106.0,109.0,108.0,108.0,107.0,109.0,115.0,108.0,109.0,False
50094,108.0,113.0,121.0,128.0,128.0,123.0,114.0,130.0,122.0,125.0,129.0,127.0,116.0,129.0,126.0,116.0,108.0,111.0,112.0,121.0,120.0,114.0,114.0,102.0,113.0,False
50095,64.0,68.0,70.0,67.0,64.0,68.0,69.0,68.0,71.0,65.0,68.0,74.0,74.0,70.0,74.0,72.0,76.0,80.0,79.0,69.0,75.0,81.0,78.0,81.0,79.0,False
50096,119.0,123.0,122.0,120.0,123.0,118.0,114.0,120.0,121.0,113.0,120.0,122.0,121.0,117.0,123.0,117.0,123.0,124.0,126.0,116.0,125.0,124.0,125.0,127.0,131.0,False
50098,85.0,86.0,86.0,86.0,91.0,93.0,91.0,93.0,89.0,97.0,89.0,86.0,87.0,83.0,86.0,92.0,89.0,91.0,86.0,91.0,90.0,92.0,91.0,91.0,89.0,False
50099,87.0,89.0,88.0,90.0,92.0,92.0,95.0,95.0,91.0,95.0,93.0,93.0,92.0,93.0,92.0,92.0,95.0,97.0,92.0,97.0,98.0,99.0,95.0,94.0,94.0,False
50100,41.0,46.0,50.0,57.0,64.0,66.0,73.0,75.0,82.0,83.0,85.0,90.0,95.0,96.0,101.0,103.0,107.0,108.0,112.0,117.0,131.0,105.0,100.0,98.0,92.0,False
50101,126.0,126.0,121.0,131.0,133.0,125.0,130.0,130.0,132.0,129.0,125.0,121.0,118.0,115.0,117.0,114.0,115.0,113.0,115.0,117.0,111.0,114.0,113.0,114.0,113.0,False
50102,51.0,53.0,51.0,54.0,59.0,58.0,57.0,59.0,58.0,57.0,57.0,56.0,59.0,60.0,59.0,62.0,62.0,65.0,61.0,64.0,62.0,66.0,62.0,63.0,63.0,False
50103,76.0,76.0,72.0,80.0,81.0,81.0,79.0,88.0,79.0,73.0,69.0,67.0,69.0,68.0,67.0,70.0,71.0,74.0,81.0,79.0,80.0,80.0,85.0,83.0,81.0,False
50104,10.0,11.0,4.0,15.0,25.0,33.0,38.0,38.0,40.0,42.0,42.0,43.0,44.0,47.0,48.0,55.0,50.0,61.0,53.0,52.0,54.0,51.0,55.0,57.0,61.0,False
50105,116.0,108.0,103.0,105.0,103.0,105.0,106.0,111.0,111.0,116.0,113.0,108.0,102.0,104.0,104.0,101.0,104.0,101.0,107.0,118.0,113.0,110.0,110.0,108.0,108.0,False
50106,55.0,59.0,63.0,63.0,55.0,59.0,60.0,63.0,57.0,65.0,66.0,70.0,72.0,73.0,79.0,75.0,76.0,76.0,72.0,77.0,73.0,75.0,79.0,69.0,69.0,False
50107,88.0,84.0,91.0,91.0,83.0,91.0,99.0,105.0,94.0,88.0,89.0,85.0,86.0,90.0,91.0,91.0,93.0,93.0,94.0,97.0,99.0,100.0,104.0,102.0,102.0,False
50108,37.0,43.0,56.0,57.0,43.0,47.0,45.0,58.0,47.0,54.0,50.0,50.0,47.0,47.0,53.0,59.0,60.0,60.0,54.0,65.0,67.0,64.0,57.0,65.0,67.0,False
50109,88.0,85.0,90.0,87.0,89.0,90.0,92.0,89.0,87.0,90.0,88.0,88.0,91.0,91.0,92.0,91.0,93.0,96.0,96.0,98.0,99.0,98.0,97.0,99.0,98.0,False
50110,57.0,56.0,61.0,59.0,62.0,64.0,64.0,66.0,62.0,67.0,66.0,66.0,67.0,65.0,70.0,73.0,68.0,73.0,69.0,71.0,72.0,68.0,72.0,75.0,72.0,False
50111,101.0,100.0,104.0,105.0,108.0,108.0,104.0,109.0,108.0,99.0,97.0,90.0,90.0,84.0,89.0,87.0,82.0,87.0,80.0,85.0,85.0,81.0,85.0,84.0,86.0,False
50112,17.0,20.0,30.0,32.0,31.0,36.0,33.0,39.0,37.0,38.0,39.0,42.0,40.0,41.0,41.0,41.0,46.0,43.0,44.0,40.0,46.0,46.0,43.0,44.0,44.0,False
50114,96.0,96.0,101.0,103.0,104.0,104.0,103.0,107.0,106.0,106.0,106.0,106.0,105.0,105.0,106.0,101.0,107.0,98.0,100.0,107.0,105.0,108.0,104.0,110.0,110.0,False
50115,108.0,106.0,111.0,110.0,114.0,109.0,111.0,114.0,117.0,114.0,120.0,113.0,110.0,112.0,113.0,116.0,119.0,116.0,118.0,121.0,116.0,113.0,122.0,114.0,116.0,False
50116,38.0,38.0,41.0,42.0,42.0,43.0,42.0,43.0,48.0,46.0,51.0,49.0,46.0,48.0,45.0,50.0,48.0,51.0,50.0,52.0,52.0,51.0,56.0,50.0,53.0,False
50117,118.0,126.0,133.0,133.0,134.0,131.0,133.0,141.0,141.0,132.0,133.0,118.0,120.0,123.0,119.0,123.0,116.0,112.0,113.0,102.0,116.0,110.0,110.0,114.0,113.0,False
50118,101.0,92.0,85.0,98.0,116.0,103.0,100.0,89.0,88.0,89.0,89.0,81.0,91.0,93.0,90.0,90.0,94.0,93.0,92.0,95.0,86.0,85.0,90.0,89.0,90.0,False
50119,58.0,61.0,61.0,65.0,60.0,65.0,66.0,63.0,64.0,59.0,59.0,60.0,65.0,60.0,67.0,69.0,67.0,65.0,67.0,66.0,70.0,70.0,64.0,69.0,68.0,False
50120,101.0,99.0,100.0,107.0,102.0,101.0,103.0,104.0,99.0,93.0,91.0,96.0,94.0,95.0,99.0,99.0,97.0,97.0,102.0,96.0,100.0,100.0,100.0,98.0,99.0,False
50122,116.0,116.0,120.0,123.0,111.0,108.0,99.0,98.0,94.0,96.0,91.0,90.0,93.0,95.0,93.0,96.0,95.0,95.0,95.0,98.0,98.0,98.0,100.0,98.0,93.0,False
50123,130.0,130.0,124.0,117.0,116.0,119.0,117.0,121.0,121.0,114.0,121.0,122.0,127.0,123.0,126.0,131.0,124.0,123.0,131.0,117.0,117.0,115.0,113.0,113.0,119.0,False
50125,77.0,80.0,83.0,84.0,83.0,85.0,83.0,87.0,82.0,83.0,83.0,87.0,85.0,83.0,86.0,87.0,88.0,87.0,89.0,89.0,86.0,88.0,93.0,90.0,87.0,False
50126,110.0,114.0,117.0,121.0,112.0,116.0,114.0,112.0,115.0,114.0,116.0,113.0,116.0,111.0,118.0,119.0,118.0,119.0,121.0,123.0,121.0,125.0,120.0,122.0,122.0,False
50127,72.0,60.0,64.0,58.0,65.0,63.0,69.0,58.0,65.0,69.0,73.0,76.0,74.0,57.0,75.0,72.0,80.0,72.0,67.0,73.0,75.0,83.0,77.0,73.0,86.0,False
50128,93.0,90.0,86.0,87.0,89.0,100.0,95.0,97.0,102.0,97.0,101.0,108.0,106.0,108.0,109.0,101.0,97.0,101.0,107.0,95.0,100.0,97.0,100.0,105.0,101.0,False
50130,30.0,38.0,47.0,48.0,47.0,60.0,47.0,48.0,58.0,54.0,55.0,57.0,57.0,57.0,56.0,59.0,59.0,69.0,72.0,71.0,76.0,92.0,85.0,87.0,71.0,False
50132,91.0,83.0,86.0,89.0,90.0,84.0,85.0,90.0,90.0,88.0,86.0,87.0,92.0,94.0,93.0,89.0,94.0,93.0,92.0,99.0,96.0,92.0,95.0,93.0,97.0,False
50133,84.0,81.0,78.0,88.0,90.0,91.0,91.0,87.0,87.0,91.0,89.0,95.0,96.0,93.0,96.0,96.0,99.0,97.0,98.0,99.0,102.0,102.0,104.0,103.0,101.0,False
50134,1.0,1.0,1.0,13.0,18.0,32.0,47.0,60.0,67.0,69.0,73.0,75.0,78.0,82.0,82.0,83.0,87.0,88.0,87.0,88.0,91.0,86.0,82.0,82.0,80.0,False
50136,60.0,56.0,55.0,56.0,58.0,62.0,63.0,60.0,61.0,64.0,64.0,66.0,66.0,65.0,66.0,65.0,69.0,67.0,69.0,72.0,68.0,66.0,71.0,70.0,69.0,False
50138,46.0,43.0,45.0,48.0,51.0,49.0,52.0,49.0,52.0,54.0,59.0,58.0,57.0,59.0,59.0,61.0,63.0,62.0,64.0,62.0,68.0,64.0,65.0,68.0,68.0,False
50139,66.0,62.0,65.0,68.0,72.0,72.0,74.0,74.0,74.0,72.0,77.0,85.0,81.0,78.0,81.0,81.0,82.0,81.0,82.0,90.0,88.0,88.0,86.0,87.0,91.0,False
50141,,1.0,11.0,22.0,33.0,41.0,52.0,53.0,58.0,62.0,64.0,64.0,68.0,72.0,72.0,80.0,81.0,82.0,84.0,90.0,91.0,97.0,102.0,102.0,108.0,True
50142,,,2.0,1.0,5.0,1.0,1.0,7.0,10.0,9.0,17.0,20.0,24.0,29.0,32.0,30.0,30.0,32.0,33.0,37.0,37.0,37.0,39.0,41.0,43.0,True
50143,,,,,13.0,14.0,19.0,18.0,26.0,32.0,31.0,36.0,31.0,35.0,34.0,32.0,34.0,33.0,34.0,35.0,36.0,38.0,38.0,38.0,38.0,True
50146,,,,,12.0,7.0,6.0,10.0,14.0,28.0,35.0,12.0,24.0,31.0,37.0,42.0,50.0,57.0,57.0,60.0,66.0,69.0,70.0,76.0,83.0,True
50147,,,,,23.0,31.0,40.0,43.0,47.0,51.0,55.0,55.0,57.0,59.0,58.0,62.0,64.0,66.0,72.0,71.0,77.0,80.0,84.0,79.0,79.0,True
50148,,,,,6.0,15.0,21.0,30.0,36.0,45.0,48.0,47.0,51.0,56.0,54.0,56.0,61.0,62.0,63.0,60.0,64.0,65.0,64.0,70.0,67.0,True
50149,,,,,16.0,19.0,22.0,28.0,33.0,35.0,39.0,42.0,43.0,45.0,44.0,46.0,45.0,48.0,48.0,49.0,49.0,50.0,52.0,50.0,49.0,True
50150,,,,,27.0,39.0,48.0,53.0,59.0,62.0,63.0,72.0,73.0,74.0,80.0,80.0,85.0,91.0,97.0,94.0,97.0,99.0,104.0,110.0,113.0,True
50151,,,,,,16.0,20.0,30.0,42.0,54.0,60.0,60.0,64.0,66.0,67.0,71.0,68.0,69.0,71.0,72.0,76.0,77.0,85.0,92.0,94.0,True
50152,,,,,,12.0,25.0,40.0,48.0,53.0,55.0,55.0,57.0,57.0,60.0,58.0,62.0,61.0,67.0,68.0,73.0,72.0,77.0,77.0,79.0,True
50153,,,,,,,11.0,20.0,28.0,35.0,41.0,44.0,44.0,48.0,49.0,50.0,54.0,51.0,54.0,58.0,57.0,56.0,56.0,53.0,49.0,True
50154,,,,,,,28.0,40.0,45.0,49.0,50.0,54.0,59.0,56.0,54.0,58.0,58.0,60.0,61.0,61.0,65.0,67.0,69.0,70.0,71.0,True
50155,,,,,,,4.0,1.0,17.0,24.0,32.0,42.0,46.0,45.0,47.0,50.0,48.0,46.0,41.0,39.0,46.0,42.0,47.0,45.0,42.0,True
50158,,,,,,,1.0,20.0,28.0,35.0,42.0,42.0,44.0,43.0,45.0,44.0,44.0,47.0,48.0,49.0,50.0,52.0,50.0,48.0,44.0,True
50159,,,,,,,16.0,19.0,25.0,27.0,33.0,36.0,34.0,42.0,42.0,38.0,43.0,41.0,39.0,40.0,41.0,40.0,38.0,37.0,38.0,True
50160,,,,,,,33.0,43.0,52.0,59.0,60.0,62.0,66.0,66.0,68.0,73.0,73.0,78.0,78.0,84.0,87.0,89.0,86.0,77.0,76.0,True
50161,,,,,,,,9.0,14.0,24.0,27.0,31.0,34.0,36.0,31.0,34.0,40.0,39.0,35.0,38.0,40.0,38.0,39.0,36.0,40.0,True
50162,,,,,,,,9.0,21.0,26.0,30.0,38.0,40.0,46.0,44.0,48.0,52.0,54.0,54.0,61.0,62.0,60.0,72.0,74.0,75.0,True
50163,,,,,,,,14.0,23.0,29.0,36.0,34.0,37.0,41.0,44.0,46.0,51.0,50.0,57.0,55.0,57.0,56.0,50.0,51.0,56.0,True
50164,,,,,,,,20.0,15.0,31.0,45.0,50.0,48.0,47.0,53.0,54.0,59.0,68.0,67.0,66.0,70.0,67.0,66.0,66.0,71.0,True
50165,,,,,,,,,24.0,47.0,44.0,48.0,47.0,43.0,46.0,46.0,48.0,63.0,48.0,50.0,55.0,58.0,62.0,59.0,56.0,True
50166,,,,,,,,,17.0,25.0,31.0,33.0,36.0,44.0,48.0,49.0,51.0,53.0,56.0,59.0,59.0,54.0,63.0,60.0,59.0,True
50167,,,,,,,,,3.0,14.0,21.0,27.0,31.0,35.0,33.0,37.0,38.0,38.0,42.0,42.0,42.0,42.0,44.0,38.0,43.0,True
50168,,,,,,,,,25.0,36.0,40.0,40.0,43.0,43.0,43.0,40.0,44.0,47.0,45.0,48.0,46.0,47.0,47.0,48.0,44.0,True
50169,,,,,,,,,17.0,17.0,7.0,8.0,15.0,23.0,21.0,30.0,31.0,33.0,39.0,46.0,44.0,50.0,50.0,46.0,48.0,True
50171,,,,,,,,,,1.0,1.0,1.0,5.0,1.0,18.0,6.0,26.0,22.0,42.0,57.0,68.0,71.0,72.0,79.0,79.0,True
50172,,,,,,,,,,19.0,19.0,29.0,32.0,34.0,39.0,42.0,41.0,42.0,44.0,46.0,43.0,42.0,42.0,51.0,57.0,True
50173,,,,,,,,,,7.0,11.0,19.0,20.0,23.0,21.0,27.0,27.0,25.0,30.0,31.0,31.0,30.0,34.0,35.0,36.0,True
50174,,,,,,,,,,29.0,36.0,40.0,47.0,49.0,48.0,53.0,53.0,52.0,49.0,48.0,60.0,53.0,52.0,56.0,54.0,True
50175,,,,,,,,,,29.0,39.0,51.0,56.0,55.0,55.0,66.0,67.0,70.0,74.0,77.0,80.0,78.0,78.0,79.0,86.0,True
50176,,,,,,,,,,,19.0,25.0,28.0,29.0,29.0,31.0,32.0,37.0,36.0,36.0,33.0,34.0,34.0,34.0,35.0,True
50177,,,,,,,,,,,,,19.0,3.0,9.0,16.0,21.0,26.0,28.0,30.0,34.0,33.0,34.0,34.0,36.0,True
50178,,,,,,,,,,,,,1.0,7.0,9.0,7.0,8.0,9.0,6.0,9.0,13.0,15.0,20.0,21.0,21.0,True
50179,,,,,,,,,,,,,5.0,5.0,14.0,22.0,33.0,38.0,45.0,49.0,56.0,62.0,64.0,69.0,71.0,True
50180,,,,,,,,,,,,,6.0,9.0,18.0,13.0,5.0,11.0,16.0,25.0,26.0,35.0,38.0,46.0,51.0,True
50181,,,,,,,,,,,,,7.0,6.0,17.0,24.0,26.0,30.0,31.0,33.0,40.0,38.0,39.0,39.0,47.0,True
50182,,,,,,,,,,,,,,11.0,8.0,8.0,14.0,19.0,20.0,31.0,34.0,35.0,38.0,42.0,50.0,True
50183,,,,,,,,,,,,,,1.0,2.0,17.0,26.0,45.0,39.0,46.0,42.0,41.0,48.0,49.0,55.0,True
50185,,,,,,,,,,,,,,13.0,18.0,19.0,26.0,27.0,33.0,32.0,35.0,38.0,36.0,37.0,37.0,True
50186,,,,,,,,,,,,,,7.0,5.0,17.0,22.0,25.0,29.0,30.0,35.0,37.0,35.0,36.0,36.0,True
50189,,,,,,,,,,,,,,13.0,19.0,21.0,29.0,30.0,32.0,33.0,35.0,43.0,45.0,45.0,44.0,True
50192,,,,,,,,,,,,,,,,12.0,13.0,1.0,9.0,20.0,28.0,34.0,42.0,51.0,53.0,True
50193,,,,,,,,,,,,,,,,6.0,21.0,25.0,36.0,47.0,54.0,57.0,58.0,62.0,67.0,True
50194,,,,,,,,,,,,,,,,1.0,14.0,21.0,29.0,41.0,40.0,48.0,48.0,50.0,52.0,True
50196,,,,,,,,,,,,,,,,14.0,22.0,17.0,15.0,18.0,18.0,13.0,13.0,15.0,16.0,True
50198,,,,,,,,,,,,,,,,,4.0,16.0,30.0,39.0,41.0,44.0,48.0,51.0,51.0,True
50199,,,,,,,,,,,,,,,,,,18.0,36.0,32.0,35.0,22.0,40.0,48.0,47.0,True
50200,,,,,,,,,,,,,,,,,,4.0,10.0,17.0,25.0,30.0,32.0,6.0,20.0,True
50201,,,,,,,,,,,,,,,,,,1.0,1.0,2.0,4.0,8.0,10.0,15.0,20.0,True
50202,,,,,,,,,,,,,,,,,,,21.0,25.0,29.0,29.0,33.0,34.0,37.0,True
50203,,,,,,,,,,,,,,,,,,,,12.0,17.0,23.0,33.0,39.0,41.0,True
50204,,,,,,,,,,,,,,,,,,,,1.0,9.0,14.0,16.0,18.0,21.0,True
50205,,,,,,,,,,,,,,,,,,,,17.0,1.0,11.0,14.0,21.0,30.0,True
50206,,,,,,,,,,,,,,,,,,,,,18.0,25.0,33.0,42.0,44.0,True
50207,,,,,,,,,,,,,,,,,,,,,1.0,4.0,9.0,10.0,34.0,True
50208,,,,,,,,,,,,,,,,,,,,,5.0,14.0,14.0,15.0,19.0,True
50209,,,,,,,,,,,,,,,,,,,,,1.0,1.0,1.0,1.0,1.0,True
50210,,,,,,,,,,,,,,,,,,,,,12.0,10.0,10.0,13.0,10.0,True
50211,,,,,,,,,,,,,,,,,,,,,,27.0,27.0,40.0,49.0,True
50214,,,,,,,,,,,,,,,,,,,,,,17.0,23.0,41.0,43.0,True
50215,,,,,,,,,,,,,,,,,,,,,,12.0,18.0,22.0,24.0,True
50216,,,,,,,,,,,,,,,,,,,,,,5.0,18.0,37.0,39.0,True
50217,,,,,,,,,,,,,,,,,,,,,,1.0,5.0,12.0,16.0,True
50218,,,,,,,,,,,,,,,,,,,,,,,9.0,20.0,18.0,True
50219,,,,,,,,,,,,,,,,,,,,,,,6.0,18.0,27.0,True
50220,,,,,,,,,,,,,,,,,,,,,,,33.0,37.0,46.0,True
50221,,,,,,,,,,,,,,,,,,,,,,,29.0,32.0,17.0,True
50222,,,,,,,,,,,,,,,,,,,,,,,18.0,36.0,43.0,True
50223,,,,,,,,,,,,,,,,,,,,,,,,15.0,27.0,True
50224,,,,,,,,,,,,,,,,,,,,,,,,18.0,30.0,True
50225,,,,,,,,,,,,,,,,,,,,,,,,,1.0,True
50226,,,,,,,,,,,,,,,,,,,,,,,,,21.0,True
60002,99.0,104.0,101.0,105.0,109.0,111.0,116.0,111.0,111.0,114.0,115.0,112.0,110.0,111.0,107.0,121.0,117.0,114.0,121.0,97.0,93.0,95.0,97.0,95.0,98.0,False
60005,34.0,36.0,38.0,38.0,42.0,44.0,51.0,48.0,50.0,51.0,50.0,47.0,35.0,54.0,45.0,51.0,51.0,46.0,53.0,47.0,46.0,47.0,39.0,49.0,43.0,False
60007,67.0,66.0,69.0,64.0,53.0,61.0,59.0,64.0,66.0,59.0,64.0,62.0,68.0,62.0,67.0,66.0,67.0,69.0,67.0,72.0,67.0,69.0,74.0,74.0,77.0,False
60011,97.0,98.0,98.0,104.0,101.0,108.0,114.0,107.0,98.0,95.0,97.0,90.0,90.0,83.0,77.0,93.0,87.0,83.0,100.0,94.0,101.0,105.0,104.0,101.0,106.0,False
60012,9.0,1.0,7.0,22.0,34.0,37.0,50.0,50.0,56.0,61.0,61.0,68.0,77.0,68.0,69.0,69.0,70.0,72.0,79.0,74.0,76.0,75.0,84.0,79.0,72.0,False
60013,84.0,88.0,93.0,97.0,99.0,96.0,98.0,103.0,100.0,101.0,103.0,103.0,105.0,104.0,105.0,112.0,107.0,110.0,113.0,108.0,112.0,114.0,117.0,121.0,122.0,False
60014,102.0,97.0,105.0,105.0,109.0,111.0,111.0,110.0,112.0,111.0,111.0,111.0,113.0,113.0,114.0,122.0,119.0,118.0,119.0,117.0,120.0,123.0,125.0,123.0,128.0,False
60016,93.0,99.0,103.0,101.0,107.0,106.0,103.0,107.0,104.0,108.0,109.0,105.0,102.0,108.0,101.0,106.0,110.0,108.0,109.0,109.0,112.0,115.0,115.0,116.0,111.0,False
60017,121.0,123.0,115.0,114.0,111.0,107.0,106.0,106.0,105.0,108.0,105.0,107.0,110.0,108.0,111.0,111.0,111.0,109.0,109.0,107.0,107.0,111.0,115.0,113.0,105.0,False
60018,63.0,67.0,72.0,68.0,75.0,69.0,68.0,72.0,75.0,76.0,74.0,73.0,70.0,76.0,67.0,79.0,82.0,77.0,75.0,74.0,78.0,83.0,79.0,82.0,77.0,False
60019,104.0,102.0,105.0,105.0,107.0,108.0,108.0,115.0,112.0,110.0,107.0,105.0,109.0,109.0,107.0,109.0,110.0,107.0,111.0,103.0,108.0,109.0,110.0,109.0,108.0,False
60020,28.0,33.0,36.0,42.0,37.0,39.0,41.0,44.0,44.0,46.0,47.0,45.0,50.0,48.0,51.0,49.0,51.0,51.0,49.0,50.0,50.0,54.0,51.0,51.0,52.0,False
60021,113.0,114.0,112.0,118.0,114.0,116.0,117.0,119.0,124.0,117.0,118.0,123.0,123.0,118.0,117.0,120.0,118.0,118.0,116.0,115.0,114.0,120.0,121.0,123.0,120.0,False
60022,69.0,71.0,71.0,71.0,70.0,69.0,67.0,71.0,69.0,67.0,65.0,64.0,69.0,66.0,63.0,66.0,65.0,63.0,66.0,38.0,37.0,39.0,41.0,41.0,40.0,False
60023,86.0,90.0,99.0,90.0,100.0,101.0,101.0,92.0,99.0,99.0,101.0,104.0,101.0,104.0,106.0,107.0,110.0,100.0,103.0,98.0,97.0,110.0,106.0,106.0,100.0,False
60024,22.0,25.0,30.0,34.0,32.0,36.0,37.0,40.0,37.0,42.0,43.0,44.0,47.0,49.0,48.0,46.0,47.0,50.0,50.0,47.0,50.0,51.0,51.0,51.0,48.0,False
60025,89.0,97.0,94.0,93.0,87.0,92.0,82.0,91.0,87.0,88.0,79.0,77.0,83.0,72.0,78.0,84.0,83.0,82.0,81.0,74.0,72.0,72.0,76.0,72.0,75.0,False
60027,49.0,52.0,56.0,57.0,57.0,57.0,59.0,53.0,58.0,59.0,57.0,56.0,57.0,60.0,61.0,66.0,62.0,63.0,61.0,58.0,61.0,64.0,66.0,64.0,64.0,False
60028,90.0,95.0,97.0,106.0,96.0,98.0,98.0,97.0,97.0,92.0,95.0,92.0,94.0,100.0,97.0,101.0,105.0,108.0,117.0,99.0,106.0,122.0,105.0,97.0,99.0,False
60030,95.0,99.0,106.0,103.0,104.0,103.0,103.0,104.0,102.0,106.0,102.0,102.0,96.0,103.0,101.0,106.0,105.0,106.0,103.0,98.0,101.0,101.0,104.0,103.0,103.0,False
60032,21.0,28.0,30.0,37.0,38.0,38.0,35.0,42.0,41.0,43.0,42.0,43.0,48.0,44.0,45.0,45.0,42.0,43.0,44.0,41.0,50.0,51.0,43.0,46.0,45.0,False
60033,79.0,81.0,83.0,83.0,85.0,85.0,85.0,85.0,83.0,87.0,83.0,85.0,88.0,85.0,83.0,85.0,83.0,84.0,85.0,80.0,86.0,85.0,86.0,90.0,90.0,False
60034,27.0,26.0,29.0,30.0,30.0,35.0,34.0,34.0,36.0,36.0,37.0,38.0,34.0,36.0,34.0,36.0,35.0,34.0,35.0,36.0,38.0,39.0,38.0,38.0,36.0,False
60035,98.0,96.0,97.0,98.0,100.0,100.0,106.0,90.0,86.0,89.0,87.0,88.0,84.0,85.0,82.0,91.0,94.0,89.0,86.0,87.0,88.0,90.0,82.0,80.0,84.0,False
60038,66.0,62.0,61.0,61.0,62.0,64.0,70.0,74.0,72.0,66.0,65.0,70.0,70.0,68.0,60.0,28.0,29.0,33.0,35.0,38.0,50.0,47.0,58.0,64.0,62.0,False
60041,80.0,82.0,71.0,70.0,69.0,76.0,74.0,89.0,77.0,89.0,79.0,82.0,76.0,84.0,83.0,87.0,93.0,84.0,82.0,74.0,75.0,85.0,74.0,87.0,92.0,False
60046,7.0,6.0,6.0,4.0,1.0,2.0,7.0,22.0,32.0,38.0,48.0,55.0,57.0,58.0,59.0,66.0,69.0,74.0,78.0,81.0,81.0,89.0,95.0,102.0,118.0,False
60048,2.0,6.0,8.0,10.0,16.0,28.0,32.0,37.0,39.0,38.0,41.0,39.0,44.0,43.0,43.0,45.0,45.0,45.0,46.0,43.0,46.0,46.0,46.0,46.0,46.0,False
60050,118.0,115.0,115.0,109.0,96.0,33.0,44.0,46.0,51.0,48.0,49.0,52.0,56.0,54.0,58.0,57.0,56.0,55.0,56.0,50.0,55.0,52.0,68.0,79.0,73.0,False
60051,108.0,104.0,108.0,103.0,102.0,107.0,102.0,103.0,102.0,109.0,101.0,106.0,106.0,103.0,101.0,122.0,116.0,117.0,119.0,111.0,114.0,113.0,106.0,110.0,110.0,False
60053,76.0,86.0,86.0,92.0,93.0,100.0,101.0,101.0,95.0,85.0,88.0,86.0,79.0,82.0,78.0,78.0,82.0,89.0,84.0,84.0,81.0,83.0,88.0,85.0,85.0,False
60056,144.0,134.0,128.0,119.0,123.0,123.0,122.0,128.0,123.0,115.0,108.0,104.0,112.0,114.0,113.0,112.0,113.0,109.0,112.0,103.0,113.0,115.0,111.0,108.0,106.0,False
60057,95.0,110.0,105.0,105.0,107.0,103.0,100.0,97.0,95.0,91.0,88.0,88.0,85.0,84.0,87.0,90.0,93.0,95.0,91.0,90.0,96.0,99.0,107.0,106.0,109.0,False
60061,115.0,108.0,105.0,101.0,107.0,106.0,109.0,108.0,111.0,104.0,110.0,104.0,108.0,109.0,105.0,108.0,107.0,109.0,104.0,104.0,106.0,108.0,108.0,110.0,111.0,False
60062,32.0,33.0,38.0,41.0,46.0,48.0,48.0,47.0,52.0,57.0,56.0,67.0,76.0,44.0,67.0,74.0,73.0,71.0,72.0,71.0,80.0,77.0,75.0,74.0,78.0,False
60063,55.0,55.0,65.0,56.0,58.0,60.0,67.0,62.0,71.0,73.0,83.0,78.0,83.0,87.0,81.0,82.0,85.0,91.0,87.0,88.0,88.0,96.0,83.0,84.0,84.0,False
60064,109.0,104.0,113.0,111.0,103.0,110.0,112.0,106.0,107.0,104.0,107.0,107.0,110.0,111.0,116.0,120.0,117.0,113.0,117.0,98.0,102.0,103.0,98.0,91.0,86.0,False
60065,89.0,88.0,93.0,96.0,92.0,93.0,85.0,86.0,84.0,105.0,107.0,101.0,111.0,103.0,93.0,10.0,1.0,9.0,22.0,38.0,44.0,47.0,50.0,51.0,51.0,False
60067,104.0,100.0,94.0,101.0,111.0,101.0,101.0,100.0,104.0,105.0,90.0,100.0,102.0,112.0,108.0,115.0,109.0,115.0,102.0,95.0,114.0,123.0,103.0,105.0,120.0,False
60068,120.0,129.0,131.0,127.0,131.0,133.0,129.0,130.0,119.0,124.0,127.0,113.0,115.0,116.0,111.0,117.0,113.0,117.0,112.0,104.0,106.0,108.0,108.0,110.0,109.0,False
60069,103.0,104.0,105.0,110.0,112.0,110.0,109.0,112.0,110.0,118.0,123.0,107.0,103.0,109.0,110.0,113.0,107.0,112.0,110.0,108.0,110.0,105.0,105.0,99.0,92.0,False
60070,56.0,59.0,64.0,66.0,64.0,66.0,67.0,65.0,67.0,62.0,66.0,67.0,68.0,66.0,68.0,73.0,68.0,71.0,73.0,71.0,71.0,76.0,76.0,77.0,72.0,False
60071,81.0,86.0,88.0,88.0,89.0,88.0,84.0,87.0,92.0,87.0,93.0,89.0,93.0,92.0,93.0,93.0,95.0,95.0,97.0,92.0,95.0,99.0,96.0,99.0,97.0,False
60072,95.0,95.0,95.0,98.0,100.0,99.0,96.0,102.0,96.0,99.0,95.0,91.0,98.0,97.0,96.0,97.0,94.0,101.0,97.0,94.0,101.0,99.0,93.0,99.0,101.0,False
60073,74.0,73.0,74.0,78.0,77.0,74.0,80.0,79.0,77.0,83.0,78.0,73.0,83.0,78.0,81.0,82.0,85.0,84.0,81.0,80.0,88.0,86.0,81.0,88.0,85.0,False
60074,88.0,87.0,88.0,85.0,86.0,87.0,83.0,85.0,78.0,81.0,78.0,84.0,78.0,80.0,79.0,78.0,83.0,76.0,78.0,86.0,82.0,81.0,79.0,81.0,78.0,False
60075,80.0,88.0,96.0,91.0,92.0,88.0,96.0,93.0,99.0,94.0,96.0,98.0,96.0,99.0,98.0,92.0,94.0,98.0,99.0,98.0,97.0,96.0,96.0,98.0,99.0,False
60076,20.0,23.0,33.0,33.0,30.0,29.0,36.0,34.0,35.0,33.0,34.0,34.0,31.0,38.0,34.0,39.0,37.0,36.0,35.0,45.0,40.0,41.0,42.0,41.0,39.0,False
60077,94.0,93.0,99.0,95.0,96.0,96.0,94.0,96.0,97.0,96.0,94.0,93.0,101.0,99.0,101.0,102.0,98.0,103.0,99.0,94.0,100.0,100.0,96.0,96.0,99.0,False
60078,70.0,74.0,71.0,74.0,74.0,75.0,73.0,71.0,75.0,78.0,74.0,73.0,74.0,74.0,78.0,75.0,76.0,75.0,76.0,76.0,79.0,80.0,80.0,79.0,76.0,False
60079,72.0,73.0,92.0,72.0,76.0,78.0,89.0,99.0,91.0,74.0,73.0,83.0,75.0,74.0,75.0,76.0,76.0,76.0,85.0,80.0,80.0,68.0,83.0,75.0,83.0,False
60080,63.0,69.0,71.0,69.0,71.0,69.0,70.0,75.0,69.0,71.0,75.0,68.0,71.0,72.0,70.0,78.0,74.0,77.0,77.0,73.0,80.0,80.0,76.0,79.0,79.0,False
60081,118.0,118.0,124.0,115.0,112.0,111.0,110.0,110.0,109.0,114.0,110.0,107.0,109.0,110.0,105.0,112.0,107.0,111.0,107.0,109.0,111.0,109.0,108.0,118.0,114.0,False
60084,6.0,2.0,6.0,9.0,10.0,10.0,18.0,23.0,35.0,40.0,44.0,48.0,49.0,58.0,59.0,65.0,73.0,74.0,77.0,80.0,89.0,93.0,75.0,75.0,72.0,False
60085,83.0,86.0,89.0,81.0,80.0,81.0,79.0,86.0,84.0,81.0,84.0,79.0,86.0,78.0,85.0,82.0,82.0,82.0,80.0,86.0,87.0,89.0,90.0,89.0,87.0,False
60086,59.0,65.0,68.0,62.0,60.0,62.0,59.0,65.0,61.0,64.0,65.0,63.0,69.0,63.0,67.0,70.0,74.0,67.0,67.0,74.0,73.0,77.0,75.0,76.0,76.0,False
60087,64.0,70.0,71.0,68.0,65.0,72.0,75.0,79.0,86.0,85.0,80.0,73.0,70.0,66.0,67.0,72.0,67.0,68.0,68.0,71.0,74.0,76.0,79.0,78.0,79.0,False
60088,83.0,101.0,97.0,106.0,107.0,103.0,101.0,100.0,107.0,109.0,108.0,100.0,108.0,109.0,108.0,109.0,109.0,113.0,110.0,110.0,103.0,109.0,105.0,110.0,112.0,False
60089,100.0,85.0,96.0,87.0,88.0,96.0,93.0,99.0,96.0,94.0,96.0,102.0,108.0,103.0,103.0,106.0,107.0,103.0,95.0,87.0,103.0,97.0,94.0,99.0,95.0,False
60090,66.0,77.0,74.0,92.0,95.0,85.0,93.0,97.0,98.0,90.0,88.0,87.0,93.0,89.0,90.0,102.0,100.0,101.0,100.0,98.0,112.0,107.0,107.0,108.0,101.0,False
60091,1.0,10.0,5.0,16.0,21.0,20.0,29.0,33.0,39.0,41.0,40.0,43.0,47.0,47.0,45.0,48.0,49.0,50.0,47.0,50.0,50.0,47.0,51.0,51.0,52.0,False
60092,68.0,74.0,80.0,81.0,80.0,82.0,80.0,82.0,79.0,83.0,89.0,88.0,84.0,83.0,83.0,81.0,83.0,82.0,85.0,81.0,85.0,83.0,82.0,81.0,84.0,False
60093,110.0,112.0,113.0,122.0,106.0,108.0,101.0,101.0,92.0,97.0,96.0,99.0,102.0,105.0,103.0,101.0,105.0,108.0,109.0,101.0,106.0,106.0,100.0,104.0,106.0,False
60094,94.0,98.0,94.0,101.0,100.0,101.0,99.0,94.0,100.0,97.0,98.0,103.0,99.0,105.0,94.0,102.0,103.0,99.0,97.0,92.0,100.0,95.0,93.0,96.0,96.0,False
60096,95.0,100.0,100.0,100.0,98.0,105.0,104.0,101.0,104.0,105.0,107.0,110.0,105.0,112.0,109.0,109.0,106.0,110.0,111.0,109.0,112.0,111.0,111.0,112.0,114.0,False
60098,86.0,88.0,85.0,84.0,81.0,82.0,88.0,93.0,87.0,90.0,95.0,93.0,90.0,95.0,94.0,101.0,106.0,96.0,94.0,85.0,83.0,87.0,80.0,81.0,82.0,False
60099,76.0,72.0,79.0,75.0,79.0,76.0,76.0,80.0,79.0,78.0,77.0,84.0,81.0,83.0,81.0,85.0,83.0,85.0,81.0,79.0,79.0,82.0,84.0,85.0,83.0,False
60100,104.0,112.0,116.0,104.0,106.0,104.0,106.0,105.0,104.0,103.0,100.0,102.0,105.0,99.0,104.0,106.0,108.0,106.0,103.0,96.0,102.0,105.0,103.0,102.0,111.0,False
60101,14.0,14.0,17.0,31.0,41.0,48.0,49.0,52.0,52.0,52.0,57.0,55.0,57.0,61.0,59.0,59.0,66.0,70.0,71.0,68.0,70.0,74.0,74.0,75.0,79.0,False
60102,35.0,43.0,44.0,42.0,43.0,42.0,41.0,43.0,43.0,42.0,42.0,44.0,47.0,45.0,46.0,47.0,45.0,47.0,45.0,47.0,43.0,45.0,43.0,42.0,44.0,False
60103,115.0,120.0,123.0,129.0,133.0,140.0,124.0,116.0,109.0,112.0,110.0,116.0,113.0,111.0,114.0,119.0,122.0,122.0,124.0,116.0,129.0,117.0,113.0,116.0,114.0,False
60105,47.0,53.0,51.0,56.0,51.0,57.0,57.0,53.0,54.0,56.0,57.0,60.0,61.0,64.0,64.0,64.0,69.0,68.0,67.0,62.0,67.0,70.0,72.0,70.0,70.0,False
60106,92.0,94.0,94.0,87.0,89.0,90.0,91.0,85.0,86.0,86.0,85.0,86.0,86.0,86.0,85.0,85.0,84.0,88.0,83.0,79.0,81.0,83.0,82.0,81.0,88.0,False
60107,58.0,62.0,61.0,66.0,64.0,64.0,66.0,65.0,61.0,65.0,63.0,69.0,69.0,68.0,68.0,71.0,73.0,65.0,70.0,73.0,70.0,76.0,75.0,78.0,67.0,False
60108,107.0,117.0,117.0,118.0,116.0,120.0,118.0,119.0,113.0,115.0,108.0,114.0,118.0,126.0,120.0,125.0,131.0,133.0,129.0,115.0,119.0,115.0,108.0,106.0,108.0,False
60109,112.0,109.0,104.0,100.0,108.0,102.0,97.0,96.0,96.0,98.0,93.0,96.0,100.0,91.0,96.0,96.0,100.0,93.0,91.0,93.0,96.0,102.0,106.0,122.0,125.0,False
60110,32.0,31.0,33.0,35.0,35.0,33.0,33.0,40.0,41.0,44.0,39.0,40.0,42.0,42.0,41.0,43.0,42.0,39.0,36.0,34.0,32.0,35.0,37.0,36.0,36.0,False
60111,88.0,85.0,88.0,97.0,93.0,90.0,90.0,95.0,85.0,89.0,89.0,90.0,89.0,96.0,85.0,97.0,98.0,94.0,99.0,103.0,101.0,105.0,101.0,105.0,101.0,False
60112,60.0,59.0,55.0,55.0,55.0,52.0,54.0,57.0,55.0,52.0,57.0,56.0,61.0,57.0,62.0,62.0,61.0,62.0,61.0,71.0,86.0,64.0,67.0,51.0,39.0,False
60114,71.0,70.0,73.0,72.0,75.0,79.0,77.0,77.0,75.0,80.0,70.0,77.0,77.0,85.0,67.0,79.0,83.0,80.0,82.0,87.0,85.0,89.0,87.0,90.0,84.0,False
60115,87.0,80.0,87.0,85.0,88.0,86.0,91.0,90.0,88.0,87.0,85.0,100.0,95.0,98.0,85.0,95.0,102.0,95.0,97.0,101.0,101.0,105.0,100.0,102.0,100.0,False
60116,68.0,73.0,72.0,71.0,74.0,76.0,78.0,80.0,83.0,82.0,85.0,88.0,85.0,86.0,80.0,83.0,88.0,88.0,84.0,83.0,87.0,85.0,91.0,85.0,88.0,False
60117,87.0,90.0,95.0,91.0,103.0,100.0,98.0,102.0,92.0,92.0,98.0,93.0,94.0,104.0,93.0,97.0,97.0,100.0,93.0,92.0,94.0,97.0,91.0,93.0,97.0,False
60120,110.0,111.0,112.0,112.0,110.0,113.0,101.0,101.0,96.0,95.0,92.0,92.0,96.0,98.0,94.0,100.0,99.0,103.0,99.0,101.0,99.0,103.0,101.0,98.0,99.0,False
60121,71.0,73.0,71.0,74.0,74.0,80.0,71.0,70.0,73.0,77.0,74.0,74.0,71.0,76.0,75.0,75.0,75.0,75.0,77.0,76.0,74.0,76.0,76.0,69.0,68.0,False
60122,96.0,92.0,99.0,99.0,101.0,100.0,97.0,95.0,91.0,84.0,87.0,85.0,82.0,83.0,81.0,88.0,93.0,97.0,101.0,102.0,108.0,108.0,104.0,109.0,109.0,False
60123,79.0,77.0,84.0,82.0,84.0,80.0,82.0,80.0,74.0,74.0,75.0,72.0,73.0,68.0,71.0,69.0,67.0,71.0,64.0,64.0,68.0,68.0,66.0,66.0,70.0,False
60124,108.0,107.0,106.0,109.0,117.0,122.0,117.0,113.0,113.0,111.0,100.0,98.0,101.0,99.0,95.0,99.0,105.0,99.0,95.0,88.0,95.0,95.0,90.0,93.0,94.0,False
60125,102.0,106.0,104.0,108.0,110.0,105.0,113.0,108.0,110.0,104.0,106.0,100.0,102.0,107.0,103.0,103.0,105.0,101.0,103.0,98.0,100.0,105.0,104.0,107.0,104.0,False
60126,76.0,82.0,82.0,86.0,91.0,88.0,91.0,97.0,85.0,86.0,91.0,88.0,85.0,92.0,90.0,93.0,94.0,89.0,96.0,93.0,95.0,92.0,98.0,92.0,88.0,False
60128,66.0,66.0,71.0,70.0,70.0,70.0,70.0,70.0,74.0,74.0,77.0,80.0,84.0,85.0,85.0,92.0,91.0,87.0,91.0,94.0,92.0,91.0,88.0,92.0,93.0,False
60129,30.0,37.0,38.0,40.0,41.0,42.0,42.0,47.0,44.0,46.0,47.0,49.0,51.0,54.0,51.0,59.0,59.0,58.0,56.0,55.0,57.0,58.0,58.0,61.0,58.0,False
60131,95.0,93.0,98.0,96.0,104.0,104.0,101.0,101.0,101.0,104.0,104.0,105.0,103.0,110.0,104.0,108.0,109.0,102.0,103.0,102.0,109.0,105.0,102.0,106.0,107.0,False
60132,74.0,74.0,73.0,76.0,76.0,81.0,81.0,79.0,81.0,75.0,70.0,74.0,80.0,75.0,76.0,72.0,80.0,72.0,72.0,70.0,45.0,59.0,73.0,78.0,76.0,False
60134,42.0,38.0,43.0,43.0,47.0,51.0,47.0,50.0,52.0,50.0,50.0,51.0,52.0,57.0,51.0,64.0,59.0,61.0,62.0,55.0,58.0,60.0,60.0,55.0,57.0,False
60135,98.0,98.0,103.0,95.0,88.0,81.0,79.0,81.0,74.0,79.0,80.0,77.0,76.0,81.0,78.0,80.0,79.0,78.0,77.0,71.0,74.0,75.0,76.0,78.0,77.0,False
60136,69.0,72.0,75.0,70.0,69.0,79.0,82.0,83.0,87.0,85.0,90.0,90.0,88.0,88.0,88.0,94.0,97.0,104.0,100.0,92.0,98.0,100.0,98.0,99.0,96.0,False
60137,88.0,90.0,85.0,90.0,93.0,95.0,101.0,92.0,100.0,95.0,97.0,90.0,89.0,95.0,90.0,90.0,95.0,97.0,97.0,99.0,97.0,98.0,96.0,98.0,103.0,False
60138,79.0,80.0,88.0,80.0,83.0,89.0,85.0,90.0,82.0,87.0,78.0,93.0,89.0,93.0,97.0,87.0,91.0,93.0,93.0,85.0,90.0,91.0,100.0,87.0,86.0,False
60139,92.0,98.0,93.0,91.0,91.0,88.0,90.0,90.0,91.0,87.0,90.0,87.0,89.0,84.0,87.0,88.0,88.0,86.0,85.0,79.0,81.0,85.0,87.0,86.0,84.0,False
60140,67.0,73.0,72.0,72.0,70.0,69.0,73.0,66.0,67.0,72.0,70.0,69.0,69.0,70.0,68.0,66.0,73.0,72.0,71.0,68.0,67.0,74.0,71.0,66.0,67.0,False
60142,107.0,110.0,112.0,103.0,107.0,105.0,109.0,108.0,106.0,107.0,107.0,108.0,110.0,110.0,108.0,108.0,111.0,106.0,110.0,104.0,113.0,112.0,107.0,113.0,111.0,False
60143,21.0,26.0,26.0,26.0,22.0,24.0,26.0,26.0,24.0,24.0,26.0,29.0,32.0,30.0,27.0,28.0,28.0,29.0,28.0,31.0,31.0,31.0,31.0,30.0,29.0,False
60145,60.0,64.0,66.0,67.0,69.0,72.0,72.0,74.0,73.0,69.0,73.0,74.0,77.0,79.0,68.0,71.0,68.0,68.0,61.0,61.0,62.0,55.0,54.0,55.0,51.0,False
60146,94.0,98.0,103.0,94.0,97.0,93.0,92.0,89.0,87.0,85.0,85.0,90.0,94.0,90.0,94.0,95.0,99.0,97.0,101.0,100.0,103.0,103.0,100.0,102.0,103.0,False
60147,114.0,115.0,115.0,112.0,117.0,112.0,108.0,103.0,100.0,97.0,95.0,93.0,98.0,98.0,99.0,102.0,102.0,105.0,99.0,100.0,94.0,94.0,94.0,94.0,92.0,False
60150,105.0,105.0,115.0,104.0,100.0,99.0,101.0,97.0,100.0,102.0,103.0,103.0,107.0,109.0,108.0,119.0,123.0,124.0,128.0,119.0,116.0,119.0,112.0,100.0,101.0,False
60151,85.0,90.0,90.0,85.0,90.0,93.0,93.0,87.0,94.0,101.0,95.0,111.0,117.0,117.0,127.0,131.0,130.0,123.0,116.0,120.0,117.0,118.0,116.0,119.0,116.0,False
60152,90.0,107.0,98.0,98.0,99.0,105.0,97.0,106.0,104.0,93.0,101.0,100.0,102.0,104.0,105.0,109.0,109.0,102.0,108.0,102.0,109.0,108.0,105.0,111.0,109.0,False
60154,105.0,102.0,107.0,101.0,106.0,104.0,108.0,105.0,102.0,100.0,103.0,102.0,104.0,113.0,95.0,104.0,115.0,121.0,117.0,106.0,116.0,124.0,104.0,100.0,119.0,False
60155,88.0,81.0,83.0,84.0,87.0,87.0,92.0,88.0,95.0,89.0,101.0,112.0,112.0,109.0,116.0,111.0,122.0,119.0,120.0,119.0,132.0,122.0,126.0,131.0,138.0,False
60157,85.0,89.0,90.0,85.0,87.0,87.0,98.0,98.0,95.0,97.0,103.0,110.0,112.0,107.0,112.0,119.0,118.0,114.0,118.0,120.0,118.0,123.0,120.0,120.0,118.0,False
60158,78.0,76.0,73.0,68.0,68.0,71.0,72.0,64.0,64.0,65.0,67.0,70.0,74.0,72.0,75.0,81.0,76.0,78.0,75.0,72.0,80.0,79.0,83.0,81.0,82.0,False
60159,33.0,43.0,53.0,61.0,67.0,77.0,84.0,86.0,88.0,88.0,94.0,97.0,101.0,107.0,100.0,107.0,113.0,114.0,116.0,111.0,117.0,111.0,115.0,114.0,109.0,False
60160,87.0,79.0,87.0,88.0,100.0,101.0,104.0,91.0,88.0,88.0,92.0,90.0,94.0,89.0,83.0,86.0,93.0,106.0,127.0,121.0,113.0,113.0,132.0,122.0,127.0,False
60161,1.0,1.0,1.0,1.0,1.0,14.0,17.0,21.0,28.0,27.0,32.0,34.0,35.0,40.0,38.0,37.0,38.0,54.0,54.0,58.0,62.0,56.0,56.0,61.0,61.0,False
60162,138.0,136.0,134.0,132.0,127.0,133.0,126.0,127.0,121.0,124.0,122.0,125.0,132.0,131.0,134.0,136.0,141.0,140.0,132.0,139.0,134.0,132.0,127.0,133.0,135.0,False
60163,40.0,42.0,46.0,48.0,49.0,51.0,54.0,53.0,58.0,55.0,58.0,58.0,63.0,64.0,64.0,64.0,68.0,71.0,64.0,66.0,67.0,64.0,65.0,65.0,64.0,False
60164,7.0,7.0,7.0,7.0,9.0,7.0,8.0,10.0,1.0,19.0,24.0,38.0,47.0,48.0,52.0,57.0,65.0,65.0,69.0,70.0,74.0,70.0,70.0,68.0,67.0,False
60165,107.0,110.0,126.0,117.0,113.0,112.0,120.0,109.0,105.0,110.0,108.0,109.0,115.0,112.0,110.0,111.0,109.0,98.0,110.0,102.0,104.0,110.0,113.0,115.0,111.0,False
60166,96.0,97.0,100.0,103.0,102.0,100.0,101.0,102.0,100.0,102.0,101.0,99.0,102.0,102.0,96.0,100.0,101.0,102.0,99.0,99.0,98.0,97.0,92.0,86.0,84.0,False
60168,73.0,74.0,85.0,85.0,88.0,90.0,103.0,111.0,115.0,117.0,104.0,98.0,101.0,103.0,98.0,99.0,101.0,99.0,101.0,100.0,97.0,101.0,98.0,99.0,97.0,False
60169,73.0,80.0,78.0,80.0,76.0,74.0,80.0,83.0,79.0,83.0,78.0,80.0,72.0,84.0,77.0,78.0,79.0,74.0,76.0,64.0,65.0,66.0,66.0,69.0,72.0,False
60170,35.0,33.0,34.0,39.0,41.0,42.0,45.0,48.0,47.0,46.0,46.0,48.0,48.0,51.0,45.0,51.0,53.0,53.0,54.0,47.0,51.0,52.0,49.0,51.0,54.0,False
60171,63.0,68.0,73.0,69.0,71.0,71.0,76.0,74.0,77.0,71.0,72.0,70.0,72.0,78.0,73.0,71.0,74.0,71.0,73.0,74.0,83.0,84.0,84.0,85.0,91.0,False
60174,66.0,71.0,65.0,71.0,74.0,77.0,74.0,78.0,74.0,74.0,74.0,78.0,84.0,80.0,85.0,83.0,87.0,89.0,87.0,91.0,90.0,91.0,94.0,88.0,92.0,False
60176,,1.0,25.0,41.0,49.0,50.0,57.0,57.0,58.0,60.0,60.0,62.0,66.0,70.0,69.0,78.0,83.0,90.0,82.0,76.0,75.0,75.0,72.0,71.0,69.0,True
60177,,12.0,7.0,20.0,29.0,38.0,47.0,46.0,46.0,48.0,49.0,51.0,48.0,51.0,45.0,45.0,48.0,47.0,55.0,56.0,61.0,62.0,62.0,67.0,63.0,True
60180,,6.0,23.0,37.0,39.0,46.0,54.0,61.0,61.0,71.0,74.0,73.0,77.0,82.0,81.0,83.0,88.0,90.0,93.0,96.0,98.0,106.0,105.0,112.0,115.0,True
60182,,10.0,11.0,18.0,26.0,28.0,34.0,41.0,45.0,46.0,51.0,46.0,51.0,52.0,53.0,52.0,26.0,27.0,26.0,23.0,21.0,24.0,27.0,25.0,23.0,True
60188,,,36.0,,1.0,1.0,12.0,21.0,24.0,24.0,8.0,21.0,22.0,26.0,31.0,32.0,32.0,33.0,57.0,69.0,41.0,26.0,32.0,28.0,36.0,True
60189,,,,,1.0,13.0,22.0,34.0,47.0,46.0,56.0,51.0,54.0,54.0,57.0,60.0,65.0,65.0,70.0,68.0,75.0,75.0,75.0,77.0,79.0,True
60191,,,,,15.0,23.0,27.0,33.0,37.0,38.0,41.0,42.0,39.0,42.0,42.0,43.0,44.0,43.0,47.0,46.0,49.0,49.0,46.0,48.0,49.0,True
60192,,,,,8.0,16.0,12.0,19.0,40.0,42.0,50.0,58.0,55.0,68.0,64.0,72.0,72.0,69.0,48.0,43.0,46.0,49.0,49.0,53.0,55.0,True
60194,,,,,,19.0,22.0,31.0,38.0,41.0,43.0,45.0,49.0,48.0,52.0,51.0,56.0,61.0,58.0,52.0,51.0,61.0,58.0,61.0,60.0,True
60195,,,,,,4.0,9.0,18.0,26.0,28.0,33.0,42.0,44.0,47.0,47.0,51.0,54.0,58.0,60.0,60.0,61.0,66.0,63.0,75.0,76.0,True
60198,,,,,,,8.0,19.0,26.0,37.0,40.0,44.0,46.0,49.0,48.0,54.0,55.0,56.0,55.0,59.0,60.0,71.0,66.0,61.0,61.0,True
60199,,,,,,,27.0,40.0,46.0,55.0,59.0,65.0,65.0,72.0,63.0,74.0,74.0,70.0,77.0,72.0,72.0,73.0,69.0,64.0,63.0,True
60200,,,,,,,19.0,36.0,46.0,51.0,53.0,51.0,55.0,62.0,54.0,64.0,70.0,69.0,70.0,62.0,69.0,71.0,67.0,72.0,73.0,True
60203,,,,,,,10.0,21.0,33.0,40.0,48.0,53.0,56.0,62.0,60.0,68.0,73.0,79.0,78.0,77.0,79.0,84.0,83.0,86.0,89.0,True
60205,,,,,,,,17.0,16.0,19.0,18.0,37.0,43.0,49.0,48.0,59.0,60.0,61.0,60.0,64.0,75.0,77.0,73.0,75.0,69.0,True
60208,,,,,,,,16.0,35.0,47.0,53.0,56.0,57.0,61.0,64.0,67.0,59.0,58.0,61.0,65.0,55.0,60.0,63.0,64.0,59.0,True
60209,,,,,,,,9.0,18.0,25.0,34.0,36.0,39.0,39.0,41.0,49.0,49.0,49.0,50.0,52.0,51.0,54.0,54.0,54.0,54.0,True
60210,,,,,,,,17.0,14.0,25.0,30.0,36.0,38.0,42.0,42.0,38.0,45.0,46.0,41.0,44.0,41.0,47.0,44.0,47.0,47.0,True
60214,,,,,,,,,14.0,19.0,26.0,29.0,31.0,33.0,32.0,43.0,41.0,43.0,49.0,46.0,42.0,46.0,46.0,46.0,42.0,True
60216,,,,,,,,,10.0,1.0,13.0,12.0,19.0,19.0,21.0,21.0,21.0,21.0,22.0,21.0,21.0,14.0,17.0,14.0,23.0,True
60217,,,,,,,,,10.0,1.0,11.0,17.0,24.0,22.0,26.0,30.0,34.0,40.0,42.0,33.0,26.0,40.0,53.0,59.0,59.0,True
60218,,,,,,,,,11.0,26.0,31.0,32.0,35.0,37.0,37.0,34.0,37.0,35.0,34.0,14.0,14.0,18.0,32.0,38.0,37.0,True
60221,,,,,,,,,1.0,9.0,12.0,24.0,27.0,33.0,39.0,44.0,47.0,50.0,52.0,54.0,61.0,55.0,51.0,54.0,58.0,True
60223,,,,,,,,,11.0,6.0,11.0,17.0,23.0,23.0,28.0,31.0,37.0,39.0,38.0,37.0,39.0,41.0,43.0,45.0,44.0,True
60224,,,,,,,,,16.0,21.0,24.0,31.0,35.0,37.0,39.0,34.0,39.0,42.0,33.0,43.0,6.0,22.0,29.0,40.0,50.0,True
60225,,,,,,,,,5.0,7.0,15.0,11.0,24.0,33.0,43.0,48.0,49.0,49.0,50.0,52.0,56.0,58.0,61.0,67.0,68.0,True
60226,,,,,,,,,,,13.0,22.0,34.0,39.0,41.0,54.0,52.0,57.0,58.0,58.0,59.0,64.0,64.0,67.0,68.0,True
60234,,,,,,,,,,,1.0,22.0,22.0,24.0,21.0,28.0,6.0,1.0,2.0,1.0,1.0,4.0,3.0,1.0,3.0,True
60235,,,,,,,,,,,14.0,10.0,25.0,31.0,34.0,37.0,44.0,44.0,47.0,52.0,51.0,49.0,48.0,50.0,53.0,True
60240,,,,,,,,,,,,,,10.0,8.0,19.0,22.0,26.0,36.0,39.0,44.0,48.0,53.0,58.0,56.0,True
60245,,,,,,,,,,,,,,1.0,2.0,1.0,5.0,1.0,1.0,1.0,5.0,13.0,18.0,22.0,34.0,True
60247,,,,,,,,,,,,,,21.0,13.0,6.0,1.0,9.0,1.0,1.0,1.0,6.0,9.0,11.0,9.0,True
60248,,,,,,,,,,,,,,5.0,16.0,22.0,30.0,34.0,36.0,35.0,32.0,38.0,33.0,25.0,35.0,True
60249,,,,,,,,,,,,,,9.0,13.0,4.0,5.0,1.0,1.0,25.0,3.0,2.0,2.0,1.0,4.0,True
60250,,,,,,,,,,,,,,8.0,21.0,2.0,11.0,14.0,18.0,24.0,30.0,34.0,35.0,43.0,46.0,True
60253,,,,,,,,,,,,,,,,2.0,10.0,14.0,11.0,10.0,11.0,12.0,27.0,39.0,46.0,True
60254,,,,,,,,,,,,,,,,8.0,6.0,18.0,38.0,35.0,44.0,45.0,44.0,50.0,53.0,True
60256,,,,,,,,,,,,,,,,11.0,1.0,1.0,19.0,27.0,28.0,34.0,38.0,56.0,61.0,True
60257,,,,,,,,,,,,,,,,14.0,38.0,57.0,56.0,74.0,79.0,84.0,88.0,89.0,98.0,True
60260,,,,,,,,,,,,,,,,,15.0,8.0,10.0,11.0,5.0,18.0,18.0,20.0,8.0,True
60261,,,,,,,,,,,,,,,,,20.0,37.0,40.0,39.0,36.0,43.0,41.0,38.0,40.0,True
60264,,,,,,,,,,,,,,,,,15.0,21.0,6.0,17.0,8.0,5.0,19.0,27.0,39.0,True
60266,,,,,,,,,,,,,,,,,,,7.0,8.0,18.0,30.0,31.0,37.0,40.0,True
60268,,,,,,,,,,,,,,,,,,,19.0,17.0,19.0,31.0,41.0,53.0,58.0,True
60269,,,,,,,,,,,,,,,,,,,38.0,54.0,62.0,76.0,81.0,86.0,89.0,True
60272,,,,,,,,,,,,,,,,,,,17.0,9.0,18.0,24.0,32.0,36.0,40.0,True
60273,,,,,,,,,,,,,,,,,,,10.0,22.0,25.0,33.0,40.0,42.0,50.0,True
60274,,,,,,,,,,,,,,,,,,,,5.0,10.0,18.0,14.0,21.0,7.0,True
60275,,,,,,,,,,,,,,,,,,,,4.0,7.0,13.0,15.0,27.0,13.0,True
60292,,,,,,,,,,,,,,,,,,,,,,9.0,,2.0,1.0,True
60293,,,,,,,,,,,,,,,,,,,,,,1.0,,14.0,2.0,True
60294,,,,,,,,,,,,,,,,,,,,,,,,16.0,20.0,True
60299,,,,,,,,,,,,,,,,,,,,,,,,1.0,1.0,True
60300,,,,,,,,,,,,,,,,,,,,,,,,8.0,11.0,True
60301,,,,,,,,,,,,,,,,,,,,,,,,2.0,11.0,True
60302,,,,,,,,,,,,,,,,,,,,,,,,4.0,18.0,True
60303,,,,,,,,,,,,,,,,,,,,,,,,2.0,4.0,True
60306,,,,,,,,,,,,,,,,,,,,,,,,1.0,4.0,True
60308,,,,,,,,,,,,,,,,,,,,,,,,27.0,39.0,True
60312,,,,,,,,,,,,,,,,,,,,,,,,19.0,32.0,True
